n,layers,parity_only_endpoint_ratio_root,parity_only_deficit_factor,factorial_span_amplification_root,eta_root,actual_endpoint_surplus_delta
51,6,0.0000257773398727324,,,,1.000004144206103
52,6,0.0000185652131315783,,,,1.000001025305911
53,6,0.0000139117330218277,,,,1.000001967025492
54,6,0.00000997734788683994,,,,1.000000334888580
55,6,0.00000761958530584015,,,,1.000000290721510
56,7,0.0000307763983342963,38236262951529109260583697473867.6,2207604320794674.11156,0.00148409411440612,1.031072082530349
57,7,0.0000231356604912556764,2.81855609342248986e+32,43743.7572529543457,0.00165403239908516155,1.012040716416255
